{
 "cards_label": "",
 "category": "Modules",
 "charts": [
  {
   "chart_name": "Sample Pending chart",
   "label": "Pending Samples"
  }
 ],
 "charts_label": "L W Dash",
 "creation": "2021-04-15 19:58:06.162803",
 "developer_mode_only": 0,
 "disable_user_customization": 0,
 "docstatus": 0,
 "doctype": "Workspace",
 "extends_another_page": 0,
 "hide_custom": 0,
 "idx": 0,
 "is_default": 0,
 "is_standard": 1,
 "label": "Lab WorkSpace",
 "links": [],
 "modified": "2021-06-19 19:48:03.259794",
 "modified_by": "Administrator",
 "module": "Laboratory",
 "name": "Lab WorkSpace",
 "owner": "Administrator",
 "pin_to_bottom": 0,
 "pin_to_top": 0,
 "shortcuts": [
  {
   "doc_view": "Report Builder",
   "label": "Labone",
   "link_to": "labone",
   "type": "Page"
  }
 ],
 "shortcuts_label": "Shortcut to Labone page"
}