{
 "category": "Modules",
 "charts": [],
 "creation": "2021-06-19 20:09:48.030854",
 "developer_mode_only": 1,
 "disable_user_customization": 0,
 "docstatus": 0,
 "doctype": "Workspace",
 "extends_another_page": 0,
 "hide_custom": 0,
 "idx": 0,
 "is_default": 0,
 "is_standard": 1,
 "label": "Laboratory",
 "links": [],
 "modified": "2021-06-19 20:12:17.806437",
 "modified_by": "Administrator",
 "module": "Laboratory",
 "name": "Laboratory",
 "owner": "Administrator",
 "pin_to_bottom": 0,
 "pin_to_top": 0,
 "shortcuts": [
  {
   "doc_view": "List",
   "label": "Sample List",
   "link_to": "Sample",
   "type": "DocType"
  },
  {
   "doc_view": "Report Builder",
   "label": "Sample Report",
   "link_to": "Sample Report",
   "type": "Report"
  },
  {
   "doc_view": "",
   "label": "Vuetify Page",
   "link_to": "vuetify-page",
   "type": "Page"
  },
  {
   "doc_view": "List",
   "label": "Instrument  List",
   "link_to": "Instrument",
   "type": "DocType"
  },
  {
   "doc_view": "New",
   "label": "Create Instrument",
   "link_to": "Instrument",
   "type": "DocType"
  }
 ],
 "shortcuts_label": "Lab Works"
}