{
 "cards_label": "",
 "category": "Modules",
 "charts": [],
 "creation": "2021-06-19 19:53:16.554846",
 "developer_mode_only": 0,
 "disable_user_customization": 0,
 "docstatus": 0,
 "doctype": "Workspace",
 "extends_another_page": 0,
 "hide_custom": 0,
 "idx": 0,
 "is_default": 0,
 "is_standard": 1,
 "label": "Labone Workspace",
 "links": [],
 "modified": "2021-06-19 19:53:27.771651",
 "modified_by": "Administrator",
 "module": "Laboratory",
 "name": "Labone Workspace",
 "onboarding": "Start Laboratory",
 "owner": "Administrator",
 "pin_to_bottom": 0,
 "pin_to_top": 0,
 "shortcuts": [
  {
   "doc_view": "",
   "label": "Lab Vuetify",
   "link_to": "vuetify-page",
   "type": "Page"
  }
 ],
 "shortcuts_label": "Vuetify Page"
}