{
 "aggregate_function_based_on": "",
 "creation": "2021-04-15 20:42:45.296137",
 "docstatus": 0,
 "doctype": "Number Card",
 "document_type": "Calibration",
 "dynamic_filters_json": "[]",
 "filters_json": "[]",
 "function": "Count",
 "idx": 0,
 "is_public": 0,
 "is_standard": 1,
 "label": "Calibration done",
 "modified": "2021-04-15 20:42:51.089239",
 "modified_by": "Administrator",
 "module": "Laboratory",
 "name": "Calibration done",
 "owner": "Administrator",
 "report_function": "Sum",
 "show_percentage_stats": 1,
 "stats_time_interval": "Daily",
 "type": "Document Type"
}