{
 "actions": [],
 "autoname": "QRF.####",
 "creation": "2020-10-07 17:54:09.628745",
 "doctype": "DocType",
 "document_type": "Document",
 "editable_grid": 1,
 "engine": "InnoDB",
 "field_order": [
  "params_quote",
  "custodian",
  "nabl_quote",
  "price_quote",
  "qty_quote",
  "basic_price_quote",
  "tax_rate_quote",
  "tax_quote",
  "amount_quote",
  "quote_ref_no",
  "test_id",
  "client",
  "allocation_status"
 ],
 "fields": [
  {
   "columns": 1,
   "fetch_from": "rate_master.params",
   "fieldname": "params_quote",
   "fieldtype": "Link",
   "in_list_view": 1,
   "label": "Params",
   "options": "Rate Master"
  },
  {
   "columns": 1,
   "fetch_from": "params_quote.price",
   "fieldname": "price_quote",
   "fieldtype": "Read Only",
   "in_list_view": 1,
   "label": "Price per Unit"
  },
  {
   "columns": 1,
   "fetch_from": "params_quote.nabl",
   "fieldname": "nabl_quote",
   "fieldtype": "Read Only",
   "in_list_view": 1,
   "label": "NABL"
  },
  {
   "columns": 1,
   "fieldname": "qty_quote",
   "fieldtype": "Int",
   "in_list_view": 1,
   "label": "Unit"
  },
  {
   "columns": 1,
   "fieldname": "amount_quote",
   "fieldtype": "Int",
   "in_list_view": 1,
   "label": "Amount"
  },
  {
   "columns": 1,
   "fieldname": "tax_quote",
   "fieldtype": "Int",
   "in_list_view": 1,
   "label": "Tax"
  },
  {
   "columns": 1,
   "default": "18",
   "fieldname": "tax_rate_quote",
   "fieldtype": "Percent",
   "in_list_view": 1,
   "label": "Tax Rate"
  },
  {
   "columns": 1,
   "fieldname": "quote_ref_no",
   "fieldtype": "Read Only",
   "in_list_view": 1,
   "label": "Quote Ref. No."
  },
  {
   "columns": 1,
   "fieldname": "basic_price_quote",
   "fieldtype": "Int",
   "in_list_view": 1,
   "label": "Basic Price"
  },
  {
   "fieldname": "test_id",
   "fieldtype": "Read Only",
   "label": "Test ID",
   "set_only_once": 1
  },
  {
   "fieldname": "client",
   "fieldtype": "Read Only",
   "label": "Client"
  },
  {
   "fieldname": "custodian",
   "fieldtype": "Link",
   "in_list_view": 1,
   "label": "Custodian",
   "options": "User"
  },
  {
   "fieldname": "allocation_status",
   "fieldtype": "Read Only",
   "label": "Allocation Status"
  }
 ],
 "istable": 1,
 "links": [],
 "modified": "2021-05-04 20:03:29.392542",
 "modified_by": "Administrator",
 "module": "Laboratory",
 "name": "Quote elements",
 "owner": "Administrator",
 "permissions": [],
 "quick_entry": 1,
 "sort_field": "modified",
 "sort_order": "DESC",
 "title_field": "quote_ref_no",
 "track_changes": 1
}