{
 "accept_payment": 0,
 "allow_comments": 0,
 "allow_delete": 0,
 "allow_edit": 0,
 "allow_incomplete": 0,
 "allow_multiple": 0,
 "allow_print": 0,
 "amount": 0.0,
 "amount_based_on_field": 0,
 "apply_document_permissions": 1,
 "button_label": "Save",
 "creation": "2021-04-16 21:58:12.238127",
 "currency": "INR",
 "doc_type": "Sample",
 "docstatus": 0,
 "doctype": "Web Form",
 "idx": 0,
 "is_standard": 1,
 "login_required": 0,
 "max_attachment_size": 0,
 "modified": "2021-06-14 16:35:52.279658",
 "modified_by": "Administrator",
 "module": "Laboratory",
 "name": "web-quote",
 "owner": "Administrator",
 "payment_button_label": "Buy Now",
 "published": 1,
 "route": "web-quote",
 "route_to_success_link": 0,
 "show_attachments": 0,
 "show_in_grid": 0,
 "show_sidebar": 0,
 "sidebar_items": [],
 "success_url": "/web-quote",
 "title": "Web Quote",
 "web_form_fields": [
  {
   "allow_read_on_all_link_options": 0,
   "fieldtype": "Attach",
   "hidden": 0,
   "max_length": 0,
   "max_value": 0,
   "read_only": 0,
   "reqd": 0,
   "show_in_filter": 0
  },
  {
   "allow_read_on_all_link_options": 0,
   "fieldname": "workflow_state",
   "fieldtype": "Link",
   "hidden": 1,
   "label": "Workflow State",
   "max_length": 0,
   "max_value": 0,
   "options": "Workflow State",
   "read_only": 0,
   "reqd": 0,
   "show_in_filter": 0
  },
  {
   "allow_read_on_all_link_options": 0,
   "description": "Select a sample to create a secondary Sample",
   "fieldname": "primary_sample",
   "fieldtype": "Link",
   "hidden": 0,
   "label": "Primary Sample",
   "max_length": 0,
   "max_value": 0,
   "options": "Sample",
   "read_only": 0,
   "reqd": 0,
   "show_in_filter": 0
  },
  {
   "allow_read_on_all_link_options": 0,
   "fieldname": "nabl",
   "fieldtype": "Select",
   "hidden": 0,
   "label": "NABL",
   "max_length": 0,
   "max_value": 0,
   "options": "NABL\nNon-NABL\nWarehouse",
   "read_only": 0,
   "reqd": 0,
   "show_in_filter": 0
  },
  {
   "allow_read_on_all_link_options": 0,
   "fieldname": "batch",
   "fieldtype": "Data",
   "hidden": 0,
   "label": "Batch",
   "max_length": 0,
   "max_value": 0,
   "read_only": 1,
   "read_only_depends_on": "eval:doc.primary_sample != null ;",
   "reqd": 0,
   "show_in_filter": 0
  },
  {
   "allow_read_on_all_link_options": 0,
   "fieldname": "data_8",
   "fieldtype": "Int",
   "hidden": 0,
   "label": "Sample Size",
   "max_length": 0,
   "max_value": 0,
   "read_only": 0,
   "reqd": 0,
   "show_in_filter": 0
  },
  {
   "allow_read_on_all_link_options": 0,
   "fieldname": "sampler",
   "fieldtype": "Data",
   "hidden": 0,
   "label": "Sampler",
   "max_length": 0,
   "max_value": 0,
   "read_only": 0,
   "reqd": 0,
   "show_in_filter": 0
  },
  {
   "allow_read_on_all_link_options": 0,
   "fieldname": "sample_point",
   "fieldtype": "Data",
   "hidden": 0,
   "label": "Sample Point",
   "max_length": 0,
   "max_value": 0,
   "read_only": 0,
   "reqd": 0,
   "show_in_filter": 0
  },
  {
   "allow_read_on_all_link_options": 0,
   "fieldname": "sample_condition",
   "fieldtype": "Data",
   "hidden": 0,
   "label": "Sample condition",
   "max_length": 0,
   "max_value": 0,
   "read_only": 0,
   "reqd": 0,
   "show_in_filter": 0
  },
  {
   "allow_read_on_all_link_options": 0,
   "fieldname": "column_break_9",
   "fieldtype": "Column Break",
   "hidden": 0,
   "max_length": 0,
   "max_value": 0,
   "read_only": 0,
   "reqd": 0,
   "show_in_filter": 0
  },
  {
   "allow_read_on_all_link_options": 0,
   "fieldname": "analysis_specification",
   "fieldtype": "Data",
   "hidden": 0,
   "label": "Analysis Specification",
   "max_length": 0,
   "max_value": 0,
   "read_only": 1,
   "read_only_depends_on": "doc.status!==\"received\"",
   "reqd": 0,
   "show_in_filter": 0
  },
  {
   "allow_read_on_all_link_options": 0,
   "fieldname": "analysis_profile",
   "fieldtype": "Data",
   "hidden": 0,
   "label": "Analysis Profile",
   "max_length": 0,
   "max_value": 0,
   "read_only": 0,
   "reqd": 0,
   "show_in_filter": 0
  },
  {
   "allow_read_on_all_link_options": 0,
   "fieldname": "sample_procedure",
   "fieldtype": "Data",
   "hidden": 0,
   "label": "Sample Procedure",
   "max_length": 0,
   "max_value": 0,
   "read_only": 0,
   "reqd": 0,
   "show_in_filter": 0
  },
  {
   "allow_read_on_all_link_options": 0,
   "fieldname": "sampling_deviation",
   "fieldtype": "Data",
   "hidden": 0,
   "label": "Sampling Deviation",
   "max_length": 0,
   "max_value": 0,
   "read_only": 0,
   "reqd": 0,
   "show_in_filter": 0
  },
  {
   "allow_read_on_all_link_options": 0,
   "fieldname": "column_break_15",
   "fieldtype": "Column Break",
   "hidden": 0,
   "max_length": 0,
   "max_value": 0,
   "read_only": 0,
   "reqd": 0,
   "show_in_filter": 0
  },
  {
   "allow_read_on_all_link_options": 0,
   "fieldname": "storage_location",
   "fieldtype": "Data",
   "hidden": 0,
   "label": "Storage Location",
   "max_length": 0,
   "max_value": 0,
   "read_only": 0,
   "reqd": 0,
   "show_in_filter": 0
  },
  {
   "allow_read_on_all_link_options": 0,
   "fieldname": "preservation",
   "fieldtype": "Data",
   "hidden": 0,
   "label": "Preservation",
   "max_length": 0,
   "max_value": 0,
   "read_only": 0,
   "reqd": 0,
   "show_in_filter": 0
  },
  {
   "allow_read_on_all_link_options": 0,
   "fieldname": "date_preserved",
   "fieldtype": "Date",
   "hidden": 0,
   "label": "Date Preserved",
   "max_length": 0,
   "max_value": 0,
   "read_only": 0,
   "reqd": 0,
   "show_in_filter": 0
  },
  {
   "allow_read_on_all_link_options": 0,
   "fieldname": "preserver",
   "fieldtype": "Data",
   "hidden": 0,
   "label": "Preserver",
   "max_length": 0,
   "max_value": 0,
   "read_only": 0,
   "reqd": 0,
   "show_in_filter": 0
  },
  {
   "allow_read_on_all_link_options": 0,
   "fieldname": "container_title",
   "fieldtype": "Data",
   "hidden": 0,
   "label": "Container",
   "max_length": 0,
   "max_value": 0,
   "read_only": 0,
   "reqd": 0,
   "show_in_filter": 0
  },
  {
   "allow_read_on_all_link_options": 0,
   "fieldname": "column_break_22",
   "fieldtype": "Column Break",
   "hidden": 0,
   "max_length": 0,
   "max_value": 0,
   "read_only": 0,
   "reqd": 0,
   "show_in_filter": 0
  },
  {
   "allow_read_on_all_link_options": 0,
   "fieldname": "client",
   "fieldtype": "Data",
   "hidden": 0,
   "label": "Client",
   "max_length": 0,
   "max_value": 0,
   "read_only": 0,
   "reqd": 0,
   "show_in_filter": 0
  },
  {
   "allow_read_on_all_link_options": 0,
   "fieldname": "contact",
   "fieldtype": "Data",
   "hidden": 0,
   "label": "Contact",
   "max_length": 0,
   "max_value": 0,
   "read_only": 0,
   "reqd": 0,
   "show_in_filter": 0
  },
  {
   "allow_read_on_all_link_options": 0,
   "fieldname": "client_order_number",
   "fieldtype": "Data",
   "hidden": 0,
   "label": "Client Order Number",
   "max_length": 0,
   "max_value": 0,
   "read_only": 0,
   "reqd": 0,
   "show_in_filter": 0
  },
  {
   "allow_read_on_all_link_options": 0,
   "fieldname": "client_reference",
   "fieldtype": "Data",
   "hidden": 0,
   "label": "Client Reference",
   "max_length": 0,
   "max_value": 0,
   "read_only": 0,
   "reqd": 0,
   "show_in_filter": 0
  },
  {
   "allow_read_on_all_link_options": 0,
   "fieldname": "client_sample_id",
   "fieldtype": "Data",
   "hidden": 0,
   "label": "Client Sample ID",
   "max_length": 0,
   "max_value": 0,
   "read_only": 0,
   "reqd": 0,
   "show_in_filter": 0
  },
  {
   "allow_read_on_all_link_options": 0,
   "fieldname": "column_break_28",
   "fieldtype": "Column Break",
   "hidden": 0,
   "max_length": 0,
   "max_value": 0,
   "read_only": 0,
   "reqd": 0,
   "show_in_filter": 0
  },
  {
   "allow_read_on_all_link_options": 0,
   "fieldname": "priority",
   "fieldtype": "Data",
   "hidden": 0,
   "label": "Priority",
   "max_length": 0,
   "max_value": 0,
   "read_only": 0,
   "reqd": 0,
   "show_in_filter": 0
  },
  {
   "allow_read_on_all_link_options": 0,
   "fieldname": "environmental_conditions",
   "fieldtype": "Select",
   "hidden": 0,
   "label": "Environmental conditions",
   "max_length": 0,
   "max_value": 0,
   "options": "Normal\nMild\nSevere",
   "read_only": 0,
   "reqd": 0,
   "show_in_filter": 0
  },
  {
   "allow_read_on_all_link_options": 0,
   "default": "0",
   "fieldname": "internal_use_only",
   "fieldtype": "Data",
   "hidden": 0,
   "label": " Internal use only",
   "max_length": 0,
   "max_value": 0,
   "read_only": 0,
   "reqd": 0,
   "show_in_filter": 0
  },
  {
   "allow_read_on_all_link_options": 0,
   "fieldname": "attachment",
   "fieldtype": "Attach",
   "hidden": 0,
   "label": "Attachment",
   "max_length": 0,
   "max_value": 0,
   "read_only": 0,
   "reqd": 0,
   "show_in_filter": 0
  },
  {
   "allow_read_on_all_link_options": 0,
   "fieldname": "remarks",
   "fieldtype": "Data",
   "hidden": 0,
   "label": "Remarks",
   "max_length": 0,
   "max_value": 0,
   "read_only": 0,
   "reqd": 0,
   "show_in_filter": 0
  },
  {
   "allow_read_on_all_link_options": 0,
   "fieldname": "container_type",
   "fieldtype": "Data",
   "hidden": 0,
   "label": "Container Type",
   "max_length": 0,
   "max_value": 0,
   "read_only": 0,
   "reqd": 0,
   "show_in_filter": 0
  },
  {
   "allow_read_on_all_link_options": 0,
   "fieldname": "sample_no",
   "fieldtype": "Data",
   "hidden": 0,
   "label": "Sample No.",
   "max_length": 0,
   "max_value": 0,
   "read_only": 0,
   "reqd": 0,
   "show_in_filter": 0
  }
 ]
}