{
 "actions": [],
 "autoname": "AQS.####",
 "creation": "2021-07-31 12:51:25.602135",
 "doctype": "DocType",
 "editable_grid": 1,
 "engine": "InnoDB",
 "field_order": [
  "aliquots",
  "batch"
 ],
 "fields": [
  {
   "fieldname": "aliquots",
   "fieldtype": "Link",
   "in_list_view": 1,
   "label": "Aliquots",
   "options": "Aliquots",
   "unique": 1
  },
  {
   "fetch_from": "aliquots.batch",
   "fieldname": "batch",
   "fieldtype": "Read Only",
   "label": "Batch"
  }
 ],
 "index_web_pages_for_search": 1,
 "istable": 1,
 "links": [],
 "modified": "2021-07-31 21:55:00.305744",
 "modified_by": "Administrator",
 "module": "Laboratory",
 "name": "Aliquots Selected",
 "owner": "Administrator",
 "permissions": [],
 "sort_field": "modified",
 "sort_order": "DESC",
 "track_changes": 1
}