{
 "category": "Modules",
 "charts": [],
 "creation": "2021-04-14 12:48:32.991324",
 "developer_mode_only": 0,
 "disable_user_customization": 0,
 "docstatus": 0,
 "doctype": "Workspace",
 "extends": "LabOne Workspace",
 "extends_another_page": 0,
 "hide_custom": 0,
 "idx": 0,
 "is_default": 0,
 "is_standard": 1,
 "label": "Sample Management",
 "links": [],
 "modified": "2021-06-19 19:46:36.044571",
 "modified_by": "Administrator",
 "module": "Laboratory",
 "name": "Sample Management",
 "owner": "Administrator",
 "pin_to_bottom": 0,
 "pin_to_top": 0,
 "shortcuts": []
}