{
 "accept_payment": 0,
 "allow_comments": 0,
 "allow_delete": 0,
 "allow_edit": 0,
 "allow_incomplete": 1,
 "allow_multiple": 0,
 "allow_print": 0,
 "amount": 0.0,
 "amount_based_on_field": 0,
 "button_label": "Promo",
 "client_script": "frappe.web_form.validate = () => {\n    \n    let data = frappe.web_form.get_values().batch;\n    if (data.amount < 1000) {\n        frappe.msgprint('Value must be more than 1000');\n        return false;\n    }\n   \n});\nfrappe.web_form.after_load = () => {\n    frappe.msgprint('Please fill all values carefully');\n}",
 "creation": "2020-06-04 22:00:22.151833",
 "currency": "INR",
 "doc_type": "Sample",
 "docstatus": 0,
 "doctype": "Web Form",
 "idx": 0,
 "is_standard": 1,
 "login_required": 1,
 "max_attachment_size": 0,
 "modified": "2020-09-15 09:58:18.398347",
 "modified_by": "Administrator",
 "module": "Laboratory",
 "name": "samples",
 "owner": "Administrator",
 "payment_button_label": "Buy Now",
 "published": 1,
 "route": "samples",
 "route_to_success_link": 0,
 "show_attachments": 0,
 "show_in_grid": 0,
 "show_sidebar": 1,
 "sidebar_items": [
  {
   "enabled": 1,
   "reference_doctype": "LabAnalyze",
   "route": "/rfq",
   "title": "sdbar1"
  }
 ],
 "success_message": "promoted",
 "success_url": "/samples",
 "title": "samples",
 "web_form_fields": [
  {
   "allow_read_on_all_link_options": 0,
   "description": "Select a sample to create a secondary Sample",
   "fieldname": "primary_sample",
   "fieldtype": "Data",
   "hidden": 0,
   "label": "Primary Sample",
   "max_length": 0,
   "max_value": 0,
   "read_only": 0,
   "reqd": 0,
   "show_in_filter": 0
  },
  {
   "allow_read_on_all_link_options": 0,
   "fieldname": "batch",
   "fieldtype": "Int",
   "hidden": 0,
   "label": "Batch",
   "max_length": 0,
   "max_value": 0,
   "read_only": 0,
   "reqd": 0,
   "show_in_filter": 0
  },
  {
   "allow_read_on_all_link_options": 0,
   "fieldname": "workflow_state",
   "fieldtype": "Link",
   "hidden": 1,
   "label": "Workflow State",
   "max_length": 0,
   "max_value": 0,
   "options": "Workflow State",
   "read_only": 0,
   "reqd": 0,
   "show_in_filter": 0
  },
  {
   "allow_read_on_all_link_options": 0,
   "description": "Select a sample to create a secondary Sample",
   "fieldname": "primary_sample",
   "fieldtype": "Data",
   "hidden": 0,
   "label": "Primary Sample",
   "max_length": 0,
   "max_value": 0,
   "read_only": 0,
   "reqd": 0,
   "show_in_filter": 0
  },
  {
   "allow_read_on_all_link_options": 0,
   "fieldname": "nabl",
   "fieldtype": "Select",
   "hidden": 0,
   "label": "NABL",
   "max_length": 0,
   "max_value": 0,
   "options": "NABL\nNon-NABL\nWarehouse",
   "read_only": 0,
   "reqd": 0,
   "show_in_filter": 0
  },
  {
   "allow_read_on_all_link_options": 0,
   "fieldname": "batch",
   "fieldtype": "Data",
   "hidden": 0,
   "label": "Batch",
   "max_length": 0,
   "max_value": 0,
   "read_only": 0,
   "reqd": 0,
   "show_in_filter": 0
  },
  {
   "allow_read_on_all_link_options": 0,
   "fieldname": "data_8",
   "fieldtype": "Int",
   "hidden": 0,
   "label": "Sample Size",
   "max_length": 0,
   "max_value": 0,
   "read_only": 0,
   "reqd": 0,
   "show_in_filter": 0
  },
  {
   "allow_read_on_all_link_options": 0,
   "fieldname": "sampler",
   "fieldtype": "Data",
   "hidden": 0,
   "label": "Sampler",
   "max_length": 0,
   "max_value": 0,
   "read_only": 0,
   "reqd": 0,
   "show_in_filter": 0
  },
  {
   "allow_read_on_all_link_options": 0,
   "fieldname": "sample_point",
   "fieldtype": "Data",
   "hidden": 0,
   "label": "Sample Point",
   "max_length": 0,
   "max_value": 0,
   "read_only": 0,
   "reqd": 0,
   "show_in_filter": 0
  },
  {
   "allow_read_on_all_link_options": 0,
   "fieldname": "sample_condition",
   "fieldtype": "Data",
   "hidden": 0,
   "label": "Sample condition",
   "max_length": 0,
   "max_value": 0,
   "read_only": 0,
   "reqd": 0,
   "show_in_filter": 0
  },
  {
   "allow_read_on_all_link_options": 0,
   "fieldname": "column_break_9",
   "fieldtype": "Column Break",
   "hidden": 0,
   "max_length": 0,
   "max_value": 0,
   "read_only": 0,
   "reqd": 0,
   "show_in_filter": 0
  },
  {
   "allow_read_on_all_link_options": 0,
   "fieldname": "analysis_specification",
   "fieldtype": "Data",
   "hidden": 0,
   "label": "Analysis Specification",
   "max_length": 0,
   "max_value": 0,
   "read_only": 0,
   "reqd": 0,
   "show_in_filter": 0
  },
  {
   "allow_read_on_all_link_options": 0,
   "fieldname": "analysis_profile",
   "fieldtype": "Data",
   "hidden": 0,
   "label": "Analysis Profile",
   "max_length": 0,
   "max_value": 0,
   "read_only": 0,
   "reqd": 0,
   "show_in_filter": 0
  },
  {
   "allow_read_on_all_link_options": 0,
   "fieldname": "sample_procedure",
   "fieldtype": "Data",
   "hidden": 0,
   "label": "Sample Procedure",
   "max_length": 0,
   "max_value": 0,
   "read_only": 0,
   "reqd": 0,
   "show_in_filter": 0
  },
  {
   "allow_read_on_all_link_options": 0,
   "fieldname": "sampling_deviation",
   "fieldtype": "Data",
   "hidden": 0,
   "label": "Sampling Deviation",
   "max_length": 0,
   "max_value": 0,
   "read_only": 0,
   "reqd": 0,
   "show_in_filter": 0
  },
  {
   "allow_read_on_all_link_options": 0,
   "fieldname": "column_break_15",
   "fieldtype": "Column Break",
   "hidden": 0,
   "max_length": 0,
   "max_value": 0,
   "read_only": 0,
   "reqd": 0,
   "show_in_filter": 0
  },
  {
   "allow_read_on_all_link_options": 0,
   "fieldname": "storage_location",
   "fieldtype": "Data",
   "hidden": 0,
   "label": "Storage Location",
   "max_length": 0,
   "max_value": 0,
   "read_only": 0,
   "reqd": 0,
   "show_in_filter": 0
  },
  {
   "allow_read_on_all_link_options": 0,
   "fieldname": "preservation",
   "fieldtype": "Data",
   "hidden": 0,
   "label": "Preservation",
   "max_length": 0,
   "max_value": 0,
   "read_only": 0,
   "reqd": 0,
   "show_in_filter": 0
  },
  {
   "allow_read_on_all_link_options": 0,
   "fieldname": "date_preserved",
   "fieldtype": "Date",
   "hidden": 0,
   "label": "Date Preserved",
   "max_length": 0,
   "max_value": 0,
   "read_only": 0,
   "reqd": 0,
   "show_in_filter": 0
  },
  {
   "allow_read_on_all_link_options": 0,
   "fieldname": "preserver",
   "fieldtype": "Data",
   "hidden": 0,
   "label": "Preserver",
   "max_length": 0,
   "max_value": 0,
   "read_only": 0,
   "reqd": 0,
   "show_in_filter": 0
  },
  {
   "allow_read_on_all_link_options": 0,
   "fieldname": "container_title",
   "fieldtype": "Link",
   "hidden": 0,
   "label": "Container",
   "max_length": 0,
   "max_value": 0,
   "options": "Container",
   "read_only": 0,
   "reqd": 0,
   "show_in_filter": 0
  },
  {
   "allow_read_on_all_link_options": 0,
   "fieldname": "column_break_22",
   "fieldtype": "Column Break",
   "hidden": 0,
   "max_length": 0,
   "max_value": 0,
   "read_only": 0,
   "reqd": 0,
   "show_in_filter": 0
  },
  {
   "allow_read_on_all_link_options": 0,
   "fieldname": "client",
   "fieldtype": "Data",
   "hidden": 0,
   "label": "Client",
   "max_length": 0,
   "max_value": 0,
   "read_only": 0,
   "reqd": 0,
   "show_in_filter": 0
  },
  {
   "allow_read_on_all_link_options": 0,
   "fieldname": "contact",
   "fieldtype": "Data",
   "hidden": 0,
   "label": "Contact",
   "max_length": 0,
   "max_value": 0,
   "read_only": 0,
   "reqd": 0,
   "show_in_filter": 0
  },
  {
   "allow_read_on_all_link_options": 0,
   "fieldname": "client_order_number",
   "fieldtype": "Data",
   "hidden": 0,
   "label": "Client Order Number",
   "max_length": 0,
   "max_value": 0,
   "read_only": 0,
   "reqd": 0,
   "show_in_filter": 0
  },
  {
   "allow_read_on_all_link_options": 0,
   "fieldname": "client_reference",
   "fieldtype": "Data",
   "hidden": 0,
   "label": "Client Reference",
   "max_length": 0,
   "max_value": 0,
   "read_only": 0,
   "reqd": 0,
   "show_in_filter": 0
  },
  {
   "allow_read_on_all_link_options": 0,
   "fieldname": "client_sample_id",
   "fieldtype": "Data",
   "hidden": 0,
   "label": "Client Sample ID",
   "max_length": 0,
   "max_value": 0,
   "read_only": 0,
   "reqd": 0,
   "show_in_filter": 0
  },
  {
   "allow_read_on_all_link_options": 0,
   "fieldname": "column_break_28",
   "fieldtype": "Column Break",
   "hidden": 0,
   "max_length": 0,
   "max_value": 0,
   "read_only": 0,
   "reqd": 0,
   "show_in_filter": 0
  },
  {
   "allow_read_on_all_link_options": 0,
   "fieldname": "status",
   "fieldtype": "Data",
   "hidden": 0,
   "label": "Status",
   "max_length": 0,
   "max_value": 0,
   "options": "Allotted\nStarted\nBatched\nDestroyed\nCompleted\nIn Process\nRe Process",
   "read_only": 0,
   "reqd": 0,
   "show_in_filter": 0
  },
  {
   "allow_read_on_all_link_options": 0,
   "fieldname": "environmental_conditions",
   "fieldtype": "Data",
   "hidden": 0,
   "label": "Environmental conditions",
   "max_length": 0,
   "max_value": 0,
   "read_only": 0,
   "reqd": 0,
   "show_in_filter": 0
  },
  {
   "allow_read_on_all_link_options": 0,
   "default": "0",
   "fieldname": "internal_use_only",
   "fieldtype": "Data",
   "hidden": 0,
   "label": " Internal use only",
   "max_length": 0,
   "max_value": 0,
   "read_only": 0,
   "reqd": 0,
   "show_in_filter": 0
  },
  {
   "allow_read_on_all_link_options": 0,
   "fieldname": "attachment",
   "fieldtype": "Attach",
   "hidden": 0,
   "label": "Attachment",
   "max_length": 0,
   "max_value": 0,
   "read_only": 0,
   "reqd": 0,
   "show_in_filter": 0
  },
  {
   "allow_read_on_all_link_options": 0,
   "fieldname": "remarks",
   "fieldtype": "Data",
   "hidden": 0,
   "label": "Remarks",
   "max_length": 0,
   "max_value": 0,
   "read_only": 0,
   "reqd": 0,
   "show_in_filter": 0
  },
  {
   "allow_read_on_all_link_options": 0,
   "fieldname": "workflow_state",
   "fieldtype": "Link",
   "hidden": 1,
   "label": "Workflow State",
   "max_length": 0,
   "max_value": 0,
   "options": "Workflow State",
   "read_only": 0,
   "reqd": 0,
   "show_in_filter": 0
  },
  {
   "allow_read_on_all_link_options": 0,
   "description": "Select a sample to create a secondary Sample",
   "fieldname": "primary_sample",
   "fieldtype": "Data",
   "hidden": 0,
   "label": "Primary Sample",
   "max_length": 0,
   "max_value": 0,
   "read_only": 0,
   "reqd": 0,
   "show_in_filter": 0
  },
  {
   "allow_read_on_all_link_options": 0,
   "fieldname": "nabl",
   "fieldtype": "Select",
   "hidden": 0,
   "label": "NABL",
   "max_length": 0,
   "max_value": 0,
   "options": "NABL\nNon-NABL\nWarehouse",
   "read_only": 0,
   "reqd": 0,
   "show_in_filter": 0
  },
  {
   "allow_read_on_all_link_options": 0,
   "fieldname": "batch",
   "fieldtype": "Data",
   "hidden": 0,
   "label": "Batch",
   "max_length": 0,
   "max_value": 0,
   "read_only": 0,
   "reqd": 0,
   "show_in_filter": 0
  },
  {
   "allow_read_on_all_link_options": 0,
   "fieldname": "data_8",
   "fieldtype": "Int",
   "hidden": 0,
   "label": "Sample Size",
   "max_length": 0,
   "max_value": 0,
   "read_only": 0,
   "reqd": 0,
   "show_in_filter": 0
  },
  {
   "allow_read_on_all_link_options": 0,
   "fieldname": "sampler",
   "fieldtype": "Data",
   "hidden": 0,
   "label": "Sampler",
   "max_length": 0,
   "max_value": 0,
   "read_only": 0,
   "reqd": 0,
   "show_in_filter": 0
  },
  {
   "allow_read_on_all_link_options": 0,
   "fieldname": "sample_point",
   "fieldtype": "Data",
   "hidden": 0,
   "label": "Sample Point",
   "max_length": 0,
   "max_value": 0,
   "read_only": 0,
   "reqd": 0,
   "show_in_filter": 0
  },
  {
   "allow_read_on_all_link_options": 0,
   "fieldname": "sample_condition",
   "fieldtype": "Data",
   "hidden": 0,
   "label": "Sample condition",
   "max_length": 0,
   "max_value": 0,
   "read_only": 0,
   "reqd": 0,
   "show_in_filter": 0
  },
  {
   "allow_read_on_all_link_options": 0,
   "fieldname": "column_break_9",
   "fieldtype": "Column Break",
   "hidden": 0,
   "max_length": 0,
   "max_value": 0,
   "read_only": 0,
   "reqd": 0,
   "show_in_filter": 0
  },
  {
   "allow_read_on_all_link_options": 0,
   "fieldname": "analysis_specification",
   "fieldtype": "Data",
   "hidden": 0,
   "label": "Analysis Specification",
   "max_length": 0,
   "max_value": 0,
   "read_only": 0,
   "reqd": 0,
   "show_in_filter": 0
  },
  {
   "allow_read_on_all_link_options": 0,
   "fieldname": "analysis_profile",
   "fieldtype": "Data",
   "hidden": 0,
   "label": "Analysis Profile",
   "max_length": 0,
   "max_value": 0,
   "read_only": 0,
   "reqd": 0,
   "show_in_filter": 0
  },
  {
   "allow_read_on_all_link_options": 0,
   "fieldname": "sample_procedure",
   "fieldtype": "Data",
   "hidden": 0,
   "label": "Sample Procedure",
   "max_length": 0,
   "max_value": 0,
   "read_only": 0,
   "reqd": 0,
   "show_in_filter": 0
  },
  {
   "allow_read_on_all_link_options": 0,
   "fieldname": "sampling_deviation",
   "fieldtype": "Data",
   "hidden": 0,
   "label": "Sampling Deviation",
   "max_length": 0,
   "max_value": 0,
   "read_only": 0,
   "reqd": 0,
   "show_in_filter": 0
  },
  {
   "allow_read_on_all_link_options": 0,
   "fieldname": "column_break_15",
   "fieldtype": "Column Break",
   "hidden": 0,
   "max_length": 0,
   "max_value": 0,
   "read_only": 0,
   "reqd": 0,
   "show_in_filter": 0
  },
  {
   "allow_read_on_all_link_options": 0,
   "fieldname": "storage_location",
   "fieldtype": "Data",
   "hidden": 0,
   "label": "Storage Location",
   "max_length": 0,
   "max_value": 0,
   "read_only": 0,
   "reqd": 0,
   "show_in_filter": 0
  },
  {
   "allow_read_on_all_link_options": 0,
   "fieldname": "preservation",
   "fieldtype": "Data",
   "hidden": 0,
   "label": "Preservation",
   "max_length": 0,
   "max_value": 0,
   "read_only": 0,
   "reqd": 0,
   "show_in_filter": 0
  },
  {
   "allow_read_on_all_link_options": 0,
   "fieldname": "date_preserved",
   "fieldtype": "Date",
   "hidden": 0,
   "label": "Date Preserved",
   "max_length": 0,
   "max_value": 0,
   "read_only": 0,
   "reqd": 0,
   "show_in_filter": 0
  },
  {
   "allow_read_on_all_link_options": 0,
   "fieldname": "preserver",
   "fieldtype": "Data",
   "hidden": 0,
   "label": "Preserver",
   "max_length": 0,
   "max_value": 0,
   "read_only": 0,
   "reqd": 0,
   "show_in_filter": 0
  },
  {
   "allow_read_on_all_link_options": 0,
   "fieldname": "container_title",
   "fieldtype": "Link",
   "hidden": 0,
   "label": "Container",
   "max_length": 0,
   "max_value": 0,
   "options": "Container",
   "read_only": 0,
   "reqd": 0,
   "show_in_filter": 0
  },
  {
   "allow_read_on_all_link_options": 0,
   "fieldname": "column_break_22",
   "fieldtype": "Column Break",
   "hidden": 0,
   "max_length": 0,
   "max_value": 0,
   "read_only": 0,
   "reqd": 0,
   "show_in_filter": 0
  },
  {
   "allow_read_on_all_link_options": 0,
   "fieldname": "client",
   "fieldtype": "Data",
   "hidden": 0,
   "label": "Client",
   "max_length": 0,
   "max_value": 0,
   "read_only": 0,
   "reqd": 0,
   "show_in_filter": 0
  },
  {
   "allow_read_on_all_link_options": 0,
   "fieldname": "contact",
   "fieldtype": "Data",
   "hidden": 0,
   "label": "Contact",
   "max_length": 0,
   "max_value": 0,
   "read_only": 0,
   "reqd": 0,
   "show_in_filter": 0
  },
  {
   "allow_read_on_all_link_options": 0,
   "fieldname": "client_order_number",
   "fieldtype": "Data",
   "hidden": 0,
   "label": "Client Order Number",
   "max_length": 0,
   "max_value": 0,
   "read_only": 0,
   "reqd": 0,
   "show_in_filter": 0
  },
  {
   "allow_read_on_all_link_options": 0,
   "fieldname": "client_reference",
   "fieldtype": "Data",
   "hidden": 0,
   "label": "Client Reference",
   "max_length": 0,
   "max_value": 0,
   "read_only": 0,
   "reqd": 0,
   "show_in_filter": 0
  },
  {
   "allow_read_on_all_link_options": 0,
   "fieldname": "client_sample_id",
   "fieldtype": "Data",
   "hidden": 0,
   "label": "Client Sample ID",
   "max_length": 0,
   "max_value": 0,
   "read_only": 0,
   "reqd": 0,
   "show_in_filter": 0
  },
  {
   "allow_read_on_all_link_options": 0,
   "fieldname": "column_break_28",
   "fieldtype": "Column Break",
   "hidden": 0,
   "max_length": 0,
   "max_value": 0,
   "read_only": 0,
   "reqd": 0,
   "show_in_filter": 0
  },
  {
   "allow_read_on_all_link_options": 0,
   "fieldname": "status",
   "fieldtype": "Data",
   "hidden": 0,
   "label": "Status",
   "max_length": 0,
   "max_value": 0,
   "options": "Allotted\nStarted\nBatched\nDestroyed\nCompleted\nIn Process\nRe Process",
   "read_only": 0,
   "reqd": 0,
   "show_in_filter": 0
  },
  {
   "allow_read_on_all_link_options": 0,
   "fieldname": "environmental_conditions",
   "fieldtype": "Data",
   "hidden": 0,
   "label": "Environmental conditions",
   "max_length": 0,
   "max_value": 0,
   "read_only": 0,
   "reqd": 0,
   "show_in_filter": 0
  },
  {
   "allow_read_on_all_link_options": 0,
   "default": "0",
   "fieldname": "internal_use_only",
   "fieldtype": "Data",
   "hidden": 0,
   "label": " Internal use only",
   "max_length": 0,
   "max_value": 0,
   "read_only": 0,
   "reqd": 0,
   "show_in_filter": 0
  },
  {
   "allow_read_on_all_link_options": 0,
   "fieldname": "attachment",
   "fieldtype": "Attach",
   "hidden": 0,
   "label": "Attachment",
   "max_length": 0,
   "max_value": 0,
   "read_only": 0,
   "reqd": 0,
   "show_in_filter": 0
  },
  {
   "allow_read_on_all_link_options": 0,
   "fieldname": "remarks",
   "fieldtype": "Data",
   "hidden": 0,
   "label": "Remarks",
   "max_length": 0,
   "max_value": 0,
   "read_only": 0,
   "reqd": 0,
   "show_in_filter": 0
  }
 ]
}