{
 "based_on": "date",
 "chart_name": "Calibration",
 "chart_type": "Count",
 "creation": "2021-04-15 20:37:00.526906",
 "docstatus": 0,
 "doctype": "Dashboard Chart",
 "document_type": "Calibration",
 "dynamic_filters_json": "[]",
 "filters_json": "[[\"Calibration\",\"date\",\"Timespan\",\"next month\",false]]",
 "group_by_type": "Count",
 "idx": 0,
 "is_public": 0,
 "is_standard": 1,
 "modified": "2021-04-15 20:37:00.526906",
 "modified_by": "Administrator",
 "module": "Laboratory",
 "name": "Calibration",
 "number_of_groups": 0,
 "owner": "Administrator",
 "source": "",
 "time_interval": "Yearly",
 "timeseries": 1,
 "timespan": "Last Year",
 "type": "Line",
 "use_report_chart": 0,
 "value_based_on": "",
 "y_axis": []
}