{
 "creation": "2020-05-09 15:15:03.186519",
 "doctype": "DocType",
 "editable_grid": 1,
 "engine": "InnoDB",
 "field_order": [
  "analysis_title",
  "description",
  "profile_keyword",
  "remarks",
  "commercial_id",
  "use_analysis_profile_price",
  "profile_analyses"
 ],
 "fields": [
  {
   "fieldname": "analysis_title",
   "fieldtype": "Data",
   "in_list_view": 1,
   "label": "Analysis Title",
   "reqd": 1
  },
  {
   "description": "Used in item listings and search results.",
   "fieldname": "description",
   "fieldtype": "Text",
   "label": "Description "
  },
  {
   "description": "he profile's keyword is used to uniquely identify it in import files. It has to be unique, and it may not be the same as any Calculation Interim field ID.",
   "fieldname": "profile_keyword",
   "fieldtype": "Data",
   "label": "Profile Keyword "
  },
  {
   "fieldname": "remarks",
   "fieldtype": "Text",
   "label": "Remarks "
  },
  {
   "description": "The profile's commercial ID for accounting purposes.",
   "fieldname": "commercial_id",
   "fieldtype": "Data",
   "label": "Commercial ID "
  },
  {
   "default": "0",
   "description": "When it's set, the system uses the analysis profile's price to quote and the system's VAT is overridden by the analysis profile's specific VAT",
   "fieldname": "use_analysis_profile_price",
   "fieldtype": "Check",
   "label": "Use Analysis Profile Price "
  },
  {
   "fieldname": "profile_analyses",
   "fieldtype": "Text",
   "label": "Profile Analyses "
  }
 ],
 "istable": 1,
 "modified": "2020-05-25 12:05:20.979594",
 "modified_by": "labadmin@ok.com",
 "module": "Laboratory",
 "name": "Analysis Profiles",
 "owner": "Administrator",
 "permissions": [],
 "quick_entry": 1,
 "sort_field": "modified",
 "sort_order": "DESC",
 "track_changes": 1
}